{
  "results": {
    "mmlu-abstract_algebra": {
      "acc": 0.26,
      "num_samples": 100,
      "acc_stderr": 0.0440844002276808,
      "acc_norm": 0.3,
      "acc_norm_stderr": 0.046056618647183814
    },
    "mmlu-anatomy": {
      "acc": 0.34814814814814815,
      "num_samples": 135,
      "acc_stderr": 0.041153246103369526,
      "acc_norm": 0.2518518518518518,
      "acc_norm_stderr": 0.03749850709174022
    },
    "mmlu-astronomy": {
      "acc": 0.506578947368421,
      "num_samples": 152,
      "acc_stderr": 0.040685900502249704,
      "acc_norm": 0.5197368421052632,
      "acc_norm_stderr": 0.040657710025626036
    },
    "mmlu-business_ethics": {
      "acc": 0.59,
      "num_samples": 100,
      "acc_stderr": 0.049431107042371025,
      "acc_norm": 0.48,
      "acc_norm_stderr": 0.050211673156867795
    },
    "mmlu-clinical_knowledge": {
      "acc": 0.4,
      "num_samples": 265,
      "acc_stderr": 0.030151134457776296,
      "acc_norm": 0.4226415094339623,
      "acc_norm_stderr": 0.030402331445769537
    },
    "mmlu-college_biology": {
      "acc": 0.3819444444444444,
      "num_samples": 144,
      "acc_stderr": 0.040629907841466674,
      "acc_norm": 0.3194444444444444,
      "acc_norm_stderr": 0.038990736873573344
    },
    "mmlu-college_chemistry": {
      "acc": 0.31,
      "num_samples": 100,
      "acc_stderr": 0.04648231987117316,
      "acc_norm": 0.27,
      "acc_norm_stderr": 0.04461960433384741
    },
    "mmlu-college_computer_science": {
      "acc": 0.39,
      "num_samples": 100,
      "acc_stderr": 0.04902071300001975,
      "acc_norm": 0.36,
      "acc_norm_stderr": 0.04824181513244218
    },
    "mmlu-college_mathematics": {
      "acc": 0.3,
      "num_samples": 100,
      "acc_stderr": 0.046056618647183814,
      "acc_norm": 0.33,
      "acc_norm_stderr": 0.047258156262526045
    },
    "mmlu-college_medicine": {
      "acc": 0.37572254335260113,
      "num_samples": 173,
      "acc_stderr": 0.03692820767264867,
      "acc_norm": 0.31213872832369943,
      "acc_norm_stderr": 0.03533133389323657
    },
    "mmlu-college_physics": {
      "acc": 0.28431372549019607,
      "num_samples": 102,
      "acc_stderr": 0.04488482852329017,
      "acc_norm": 0.3235294117647059,
      "acc_norm_stderr": 0.046550104113196177
    },
    "mmlu-computer_security": {
      "acc": 0.5,
      "num_samples": 100,
      "acc_stderr": 0.050251890762960605,
      "acc_norm": 0.44,
      "acc_norm_stderr": 0.04988876515698589
    },
    "mmlu-conceptual_physics": {
      "acc": 0.33191489361702126,
      "num_samples": 235,
      "acc_stderr": 0.030783736757745657,
      "acc_norm": 0.2425531914893617,
      "acc_norm_stderr": 0.02802022627120022
    },
    "mmlu-econometrics": {
      "acc": 0.30701754385964913,
      "num_samples": 114,
      "acc_stderr": 0.043391383225798615,
      "acc_norm": 0.2631578947368421,
      "acc_norm_stderr": 0.041424397194893624
    },
    "mmlu-electrical_engineering": {
      "acc": 0.38620689655172413,
      "num_samples": 145,
      "acc_stderr": 0.04057324734419035,
      "acc_norm": 0.3931034482758621,
      "acc_norm_stderr": 0.040703290137070705
    },
    "mmlu-elementary_mathematics": {
      "acc": 0.3412698412698413,
      "num_samples": 378,
      "acc_stderr": 0.024419234966819074,
      "acc_norm": 0.3386243386243386,
      "acc_norm_stderr": 0.024373197867983056
    },
    "mmlu-formal_logic": {
      "acc": 0.31746031746031744,
      "num_samples": 126,
      "acc_stderr": 0.041634530313028585,
      "acc_norm": 0.29365079365079366,
      "acc_norm_stderr": 0.04073524322147126
    },
    "mmlu-global_facts": {
      "acc": 0.35,
      "num_samples": 100,
      "acc_stderr": 0.047937248544110196,
      "acc_norm": 0.31,
      "acc_norm_stderr": 0.04648231987117316
    },
    "mmlu-high_school_biology": {
      "acc": 0.5,
      "num_samples": 310,
      "acc_stderr": 0.028444006199428714,
      "acc_norm": 0.3774193548387097,
      "acc_norm_stderr": 0.02757596072327823
    },
    "mmlu-high_school_chemistry": {
      "acc": 0.3251231527093596,
      "num_samples": 203,
      "acc_stderr": 0.03295797566311271,
      "acc_norm": 0.35467980295566504,
      "acc_norm_stderr": 0.033661244890514495
    },
    "mmlu-high_school_computer_science": {
      "acc": 0.39,
      "num_samples": 100,
      "acc_stderr": 0.04902071300001975,
      "acc_norm": 0.37,
      "acc_norm_stderr": 0.048523658709391
    },
    "mmlu-high_school_european_history": {
      "acc": 0.5515151515151515,
      "num_samples": 165,
      "acc_stderr": 0.038835659779569286,
      "acc_norm": 0.45454545454545453,
      "acc_norm_stderr": 0.038881769216741004
    },
    "mmlu-high_school_geography": {
      "acc": 0.5252525252525253,
      "num_samples": 198,
      "acc_stderr": 0.035578062450873145,
      "acc_norm": 0.35353535353535354,
      "acc_norm_stderr": 0.03406086723547153
    },
    "mmlu-high_school_government_and_politics": {
      "acc": 0.5803108808290155,
      "num_samples": 193,
      "acc_stderr": 0.035615873276858834,
      "acc_norm": 0.42487046632124353,
      "acc_norm_stderr": 0.0356747133521254
    },
    "mmlu-high_school_macroeconomics": {
      "acc": 0.4512820512820513,
      "num_samples": 390,
      "acc_stderr": 0.025230381238934833,
      "acc_norm": 0.382051282051282,
      "acc_norm_stderr": 0.02463554916390823
    },
    "mmlu-high_school_mathematics": {
      "acc": 0.34444444444444444,
      "num_samples": 270,
      "acc_stderr": 0.028972648884844267,
      "acc_norm": 0.37407407407407406,
      "acc_norm_stderr": 0.029502861128955286
    },
    "mmlu-high_school_microeconomics": {
      "acc": 0.44537815126050423,
      "num_samples": 238,
      "acc_stderr": 0.0322841062671639,
      "acc_norm": 0.42857142857142855,
      "acc_norm_stderr": 0.03214536859788639
    },
    "mmlu-high_school_physics": {
      "acc": 0.33774834437086093,
      "num_samples": 151,
      "acc_stderr": 0.038615575462551684,
      "acc_norm": 0.31788079470198677,
      "acc_norm_stderr": 0.038020397601079024
    },
    "mmlu-high_school_psychology": {
      "acc": 0.46422018348623856,
      "num_samples": 545,
      "acc_stderr": 0.0213823647757019,
      "acc_norm": 0.3100917431192661,
      "acc_norm_stderr": 0.01983084968443975
    },
    "mmlu-high_school_statistics": {
      "acc": 0.36574074074074076,
      "num_samples": 216,
      "acc_stderr": 0.032847388576472056,
      "acc_norm": 0.35648148148148145,
      "acc_norm_stderr": 0.032664783315272714
    },
    "mmlu-high_school_us_history": {
      "acc": 0.5245098039215687,
      "num_samples": 204,
      "acc_stderr": 0.03505093194348798,
      "acc_norm": 0.4362745098039216,
      "acc_norm_stderr": 0.03480693138457039
    },
    "mmlu-high_school_world_history": {
      "acc": 0.5864978902953587,
      "num_samples": 237,
      "acc_stderr": 0.03205649904851858,
      "acc_norm": 0.4767932489451477,
      "acc_norm_stderr": 0.032512152011410174
    },
    "mmlu-human_aging": {
      "acc": 0.4125560538116592,
      "num_samples": 223,
      "acc_stderr": 0.03304062175449297,
      "acc_norm": 0.23766816143497757,
      "acc_norm_stderr": 0.028568079464714274
    },
    "mmlu-human_sexuality": {
      "acc": 0.4961832061068702,
      "num_samples": 131,
      "acc_stderr": 0.043851623256015534,
      "acc_norm": 0.29770992366412213,
      "acc_norm_stderr": 0.040103589424622034
    },
    "mmlu-international_law": {
      "acc": 0.5289256198347108,
      "num_samples": 121,
      "acc_stderr": 0.04556710331269498,
      "acc_norm": 0.6694214876033058,
      "acc_norm_stderr": 0.04294340845212094
    },
    "mmlu-jurisprudence": {
      "acc": 0.5648148148148148,
      "num_samples": 108,
      "acc_stderr": 0.04792898170907062,
      "acc_norm": 0.49074074074074076,
      "acc_norm_stderr": 0.04832853553437055
    },
    "mmlu-logical_fallacies": {
      "acc": 0.43558282208588955,
      "num_samples": 163,