{
  "results": {
    "mmlu-abstract_algebra": {
      "acc": 0.23,
      "num_samples": 100,
      "acc_stderr": 0.04229525846816506,
      "acc_norm": 0.26,
      "acc_norm_stderr": 0.04408440022768081
    },
    "mmlu-anatomy": {
      "acc": 0.32592592592592595,
      "num_samples": 135,
      "acc_stderr": 0.040491220417025055,
      "acc_norm": 0.2222222222222222,
      "acc_norm_stderr": 0.035914440841969694
    },
    "mmlu-astronomy": {
      "acc": 0.34210526315789475,
      "num_samples": 152,
      "acc_stderr": 0.03860731599316092,
      "acc_norm": 0.39473684210526316,
      "acc_norm_stderr": 0.039777499346220734
    },
    "mmlu-business_ethics": {
      "acc": 0.36,
      "num_samples": 100,
      "acc_stderr": 0.04824181513244218,
      "acc_norm": 0.3,
      "acc_norm_stderr": 0.046056618647183814
    },
    "mmlu-clinical_knowledge": {
      "acc": 0.33584905660377357,
      "num_samples": 265,
      "acc_stderr": 0.029067220146644826,
      "acc_norm": 0.3433962264150943,
      "acc_norm_stderr": 0.02922452646912479
    },
    "mmlu-college_biology": {
      "acc": 0.3472222222222222,
      "num_samples": 144,
      "acc_stderr": 0.039812405437178615,
      "acc_norm": 0.3055555555555556,
      "acc_norm_stderr": 0.03852084696008534
    },
    "mmlu-college_chemistry": {
      "acc": 0.23,
      "num_samples": 100,
      "acc_stderr": 0.04229525846816505,
      "acc_norm": 0.25,
      "acc_norm_stderr": 0.04351941398892446
    },
    "mmlu-college_computer_science": {
      "acc": 0.3,
      "num_samples": 100,
      "acc_stderr": 0.046056618647183814,
      "acc_norm": 0.27,
      "acc_norm_stderr": 0.04461960433384739
    },
    "mmlu-college_mathematics": {
      "acc": 0.31,
      "num_samples": 100,
      "acc_stderr": 0.04648231987117316,
      "acc_norm": 0.32,
      "acc_norm_stderr": 0.04688261722621504
    },
    "mmlu-college_medicine": {
      "acc": 0.36416184971098264,
      "num_samples": 173,
      "acc_stderr": 0.03669072477416907,
      "acc_norm": 0.2543352601156069,
      "acc_norm_stderr": 0.0332055644308557
    },
    "mmlu-college_physics": {
      "acc": 0.16666666666666666,
      "num_samples": 102,
      "acc_stderr": 0.03708284662416545,
      "acc_norm": 0.27450980392156865,
      "acc_norm_stderr": 0.04440521906179327
    },
    "mmlu-computer_security": {
      "acc": 0.37,
      "num_samples": 100,
      "acc_stderr": 0.048523658709391,
      "acc_norm": 0.37,
      "acc_norm_stderr": 0.048523658709391
    },
    "mmlu-conceptual_physics": {
      "acc": 0.3404255319148936,
      "num_samples": 235,
      "acc_stderr": 0.030976692998534443,
      "acc_norm": 0.20851063829787234,
      "acc_norm_stderr": 0.02655698211783873
    },
    "mmlu-econometrics": {
      "acc": 0.3157894736842105,
      "num_samples": 114,
      "acc_stderr": 0.043727482902780064,
      "acc_norm": 0.20175438596491227,
      "acc_norm_stderr": 0.037752050135836386
    },
    "mmlu-electrical_engineering": {
      "acc": 0.3586206896551724,
      "num_samples": 145,
      "acc_stderr": 0.03996629574876719,
      "acc_norm": 0.3586206896551724,
      "acc_norm_stderr": 0.039966295748767186
    },
    "mmlu-elementary_mathematics": {
      "acc": 0.2751322751322751,
      "num_samples": 378,
      "acc_stderr": 0.023000086859068656,
      "acc_norm": 0.29365079365079366,
      "acc_norm_stderr": 0.02345603738398203
    },
    "mmlu-formal_logic": {
      "acc": 0.2698412698412698,
      "num_samples": 126,
      "acc_stderr": 0.03970158273235173,
      "acc_norm": 0.2619047619047619,
      "acc_norm_stderr": 0.03932537680392871
    },
    "mmlu-global_facts": {
      "acc": 0.24,
      "num_samples": 100,
      "acc_stderr": 0.04292346959909283,
      "acc_norm": 0.2,
      "acc_norm_stderr": 0.040201512610368445
    },
    "mmlu-high_school_biology": {
      "acc": 0.3870967741935484,
      "num_samples": 310,
      "acc_stderr": 0.02770935967503249,
      "acc_norm": 0.36129032258064514,
      "acc_norm_stderr": 0.02732754844795755
    },
    "mmlu-high_school_chemistry": {
      "acc": 0.22660098522167488,
      "num_samples": 203,
      "acc_stderr": 0.029454863835292982,
      "acc_norm": 0.24630541871921183,
      "acc_norm_stderr": 0.030315099285617732
    },
    "mmlu-high_school_computer_science": {
      "acc": 0.29,
      "num_samples": 100,
      "acc_stderr": 0.04560480215720683,
      "acc_norm": 0.33,
      "acc_norm_stderr": 0.04725815626252606
    },
    "mmlu-high_school_european_history": {
      "acc": 0.49696969696969695,
      "num_samples": 165,
      "acc_stderr": 0.039042723414318574,
      "acc_norm": 0.3696969696969697,
      "acc_norm_stderr": 0.03769430314512568
    },
    "mmlu-high_school_geography": {
      "acc": 0.4292929292929293,
      "num_samples": 198,
      "acc_stderr": 0.03526552724601199,
      "acc_norm": 0.35353535353535354,
      "acc_norm_stderr": 0.03406086723547153
    },
    "mmlu-high_school_government_and_politics": {
      "acc": 0.43523316062176165,
      "num_samples": 193,
      "acc_stderr": 0.03578038165008585,
      "acc_norm": 0.32642487046632124,
      "acc_norm_stderr": 0.033840286211432945
    },
    "mmlu-high_school_macroeconomics": {
      "acc": 0.34615384615384615,
      "num_samples": 390,
      "acc_stderr": 0.024121125416941176,
      "acc_norm": 0.3128205128205128,
      "acc_norm_stderr": 0.023507579020645337
    },
    "mmlu-high_school_mathematics": {
      "acc": 0.2222222222222222,
      "num_samples": 270,
      "acc_stderr": 0.025348097468097845,
      "acc_norm": 0.2777777777777778,
      "acc_norm_stderr": 0.02730914058823016
    },
    "mmlu-high_school_microeconomics": {
      "acc": 0.36554621848739494,
      "num_samples": 238,
      "acc_stderr": 0.031282177063684614,
      "acc_norm": 0.3697478991596639,
      "acc_norm_stderr": 0.031357095996135904
    },
    "mmlu-high_school_physics": {
      "acc": 0.26490066225165565,
      "num_samples": 151,
      "acc_stderr": 0.03603038545360385,
      "acc_norm": 0.271523178807947,
      "acc_norm_stderr": 0.03631329803969653
    },
    "mmlu-high_school_psychology": {
      "acc": 0.41100917431192663,
      "num_samples": 545,
      "acc_stderr": 0.02109505068727764,
      "acc_norm": 0.28256880733944956,
      "acc_norm_stderr": 0.01930424349770715
    },
    "mmlu-high_school_statistics": {
      "acc": 0.32407407407407407,
      "num_samples": 216,
      "acc_stderr": 0.03191923445686186,
      "acc_norm": 0.3194444444444444,
      "acc_norm_stderr": 0.03179876342176851
    },
    "mmlu-high_school_us_history": {
      "acc": 0.4362745098039216,
      "num_samples": 204,
      "acc_stderr": 0.03480693138457038,
      "acc_norm": 0.31862745098039214,
      "acc_norm_stderr": 0.0327028718148208
    },
    "mmlu-high_school_world_history": {
      "acc": 0.43037974683544306,
      "num_samples": 237,
      "acc_stderr": 0.032230171959375976,
      "acc_norm": 0.3924050632911392,
      "acc_norm_stderr": 0.03178471874564729
    },
    "mmlu-human_aging": {
      "acc": 0.3183856502242152,
      "num_samples": 223,
      "acc_stderr": 0.03126580522513713,
      "acc_norm": 0.24663677130044842,
      "acc_norm_stderr": 0.028930413120910874
    },
    "mmlu-human_sexuality": {
      "acc": 0.4732824427480916,
      "num_samples": 131,
      "acc_stderr": 0.04379024936553894,
      "acc_norm": 0.3282442748091603,
      "acc_norm_stderr": 0.04118438565806298
    },
    "mmlu-international_law": {
      "acc": 0.35537190082644626,
      "num_samples": 121,
      "acc_stderr": 0.04369236326573981,
      "acc_norm": 0.5785123966942148,
      "acc_norm_stderr": 0.045077322787750874
    },
    "mmlu-jurisprudence": {
      "acc": 0.4722222222222222,
      "num_samples": 108,
      "acc_stderr": 0.04826217294139894,
      "acc_norm": 0.46296296296296297,
      "acc_norm_stderr": 0.04820403072760628
    },
    "mmlu-logical_fallacies": {
      "acc": 0.3803680981595092,
      "num_samples": 163,