{
  "results": {
    "mmlu-abstract_algebra": {
      "acc": 0.25,
      "num_samples": 100,
      "acc_stderr": 0.04351941398892446,
      "acc_norm": 0.29,
      "acc_norm_stderr": 0.045604802157206845
    },
    "mmlu-anatomy": {
      "acc": 0.4,
      "num_samples": 135,
      "acc_stderr": 0.04232073695151589,
      "acc_norm": 0.362962962962963,
      "acc_norm_stderr": 0.041539484047424
    },
    "mmlu-astronomy": {
      "acc": 0.5394736842105263,
      "num_samples": 152,
      "acc_stderr": 0.04056242252249034,
      "acc_norm": 0.5197368421052632,
      "acc_norm_stderr": 0.040657710025626036
    },
    "mmlu-business_ethics": {
      "acc": 0.58,
      "num_samples": 100,
      "acc_stderr": 0.049604496374885836,
      "acc_norm": 0.49,
      "acc_norm_stderr": 0.05024183937956912
    },
    "mmlu-clinical_knowledge": {
      "acc": 0.42641509433962266,
      "num_samples": 265,
      "acc_stderr": 0.030437794342983045,
      "acc_norm": 0.4377358490566038,
      "acc_norm_stderr": 0.030533338430467512
    },
    "mmlu-college_biology": {
      "acc": 0.5138888888888888,
      "num_samples": 144,
      "acc_stderr": 0.04179596617581,
      "acc_norm": 0.4513888888888889,
      "acc_norm_stderr": 0.04161402398403279
    },
    "mmlu-college_chemistry": {
      "acc": 0.33,
      "num_samples": 100,
      "acc_stderr": 0.047258156262526045,
      "acc_norm": 0.36,
      "acc_norm_stderr": 0.04824181513244218
    },
    "mmlu-college_computer_science": {
      "acc": 0.38,
      "num_samples": 100,
      "acc_stderr": 0.04878317312145632,
      "acc_norm": 0.37,
      "acc_norm_stderr": 0.04852365870939099
    },
    "mmlu-college_mathematics": {
      "acc": 0.29,
      "num_samples": 100,
      "acc_stderr": 0.045604802157206845,
      "acc_norm": 0.31,
      "acc_norm_stderr": 0.04648231987117316
    },
    "mmlu-college_medicine": {
      "acc": 0.3815028901734104,
      "num_samples": 173,
      "acc_stderr": 0.03703851193099521,
      "acc_norm": 0.37572254335260113,
      "acc_norm_stderr": 0.03692820767264867
    },
    "mmlu-college_physics": {
      "acc": 0.28431372549019607,
      "num_samples": 102,
      "acc_stderr": 0.04488482852329017,
      "acc_norm": 0.3137254901960784,
      "acc_norm_stderr": 0.04617034827006718
    },
    "mmlu-computer_security": {
      "acc": 0.55,
      "num_samples": 100,
      "acc_stderr": 0.05,
      "acc_norm": 0.48,
      "acc_norm_stderr": 0.050211673156867795
    },
    "mmlu-conceptual_physics": {
      "acc": 0.3702127659574468,
      "num_samples": 235,
      "acc_stderr": 0.03156564682236785,
      "acc_norm": 0.2680851063829787,
      "acc_norm_stderr": 0.028957342788342347
    },
    "mmlu-econometrics": {
      "acc": 0.30701754385964913,
      "num_samples": 114,
      "acc_stderr": 0.043391383225798615,
      "acc_norm": 0.34210526315789475,
      "acc_norm_stderr": 0.04462917535336936
    },
    "mmlu-electrical_engineering": {
      "acc": 0.4896551724137931,
      "num_samples": 145,
      "acc_stderr": 0.041657747757287644,
      "acc_norm": 0.4413793103448276,
      "acc_norm_stderr": 0.04137931034482758
    },
    "mmlu-elementary_mathematics": {
      "acc": 0.4656084656084656,
      "num_samples": 378,
      "acc_stderr": 0.025690321762493838,
      "acc_norm": 0.4470899470899471,
      "acc_norm_stderr": 0.02560672399577703
    },
    "mmlu-formal_logic": {
      "acc": 0.3412698412698413,
      "num_samples": 126,
      "acc_stderr": 0.042407993275749255,
      "acc_norm": 0.36507936507936506,
      "acc_norm_stderr": 0.04306241259127153
    },
    "mmlu-global_facts": {
      "acc": 0.36,
      "num_samples": 100,
      "acc_stderr": 0.04824181513244218,
      "acc_norm": 0.36,
      "acc_norm_stderr": 0.04824181513244218
    },
    "mmlu-high_school_biology": {
      "acc": 0.5774193548387097,
      "num_samples": 310,
      "acc_stderr": 0.02810096472427264,
      "acc_norm": 0.532258064516129,
      "acc_norm_stderr": 0.028384747788813332
    },
    "mmlu-high_school_chemistry": {
      "acc": 0.3891625615763547,
      "num_samples": 203,
      "acc_stderr": 0.03430462416103872,
      "acc_norm": 0.4088669950738916,
      "acc_norm_stderr": 0.034590588158832314
    },
    "mmlu-high_school_computer_science": {
      "acc": 0.43,
      "num_samples": 100,
      "acc_stderr": 0.04975698519562428,
      "acc_norm": 0.44,
      "acc_norm_stderr": 0.04988876515698589
    },
    "mmlu-high_school_european_history": {
      "acc": 0.5575757575757576,
      "num_samples": 165,
      "acc_stderr": 0.03878372113711274,
      "acc_norm": 0.5575757575757576,
      "acc_norm_stderr": 0.03878372113711274
    },
    "mmlu-high_school_geography": {
      "acc": 0.5606060606060606,
      "num_samples": 198,
      "acc_stderr": 0.035360859475294805,
      "acc_norm": 0.5252525252525253,
      "acc_norm_stderr": 0.03557806245087314
    },
    "mmlu-high_school_government_and_politics": {
      "acc": 0.49740932642487046,
      "num_samples": 193,
      "acc_stderr": 0.03608390745384488,
      "acc_norm": 0.44559585492227977,
      "acc_norm_stderr": 0.0358701498607566
    },
    "mmlu-high_school_macroeconomics": {
      "acc": 0.4256410256410256,
      "num_samples": 390,
      "acc_stderr": 0.02506909438729654,
      "acc_norm": 0.38974358974358975,
      "acc_norm_stderr": 0.024726967886647078
    },
    "mmlu-high_school_mathematics": {
      "acc": 0.337037037037037,
      "num_samples": 270,
      "acc_stderr": 0.028820884666253255,
      "acc_norm": 0.37037037037037035,
      "acc_norm_stderr": 0.02944316932303154
    },
    "mmlu-high_school_microeconomics": {
      "acc": 0.5042016806722689,
      "num_samples": 238,
      "acc_stderr": 0.03247734334448111,
      "acc_norm": 0.44537815126050423,
      "acc_norm_stderr": 0.0322841062671639
    },
    "mmlu-high_school_physics": {
      "acc": 0.33112582781456956,
      "num_samples": 151,
      "acc_stderr": 0.038425817186598696,
      "acc_norm": 0.31788079470198677,
      "acc_norm_stderr": 0.038020397601079024
    },
    "mmlu-high_school_psychology": {
      "acc": 0.5963302752293578,
      "num_samples": 545,
      "acc_stderr": 0.02103570485657495,
      "acc_norm": 0.47339449541284406,
      "acc_norm_stderr": 0.021406952688151584
    },
    "mmlu-high_school_statistics": {
      "acc": 0.42592592592592593,
      "num_samples": 216,
      "acc_stderr": 0.033723432716530624,
      "acc_norm": 0.39814814814814814,
      "acc_norm_stderr": 0.033384734032074016
    },
    "mmlu-high_school_us_history": {
      "acc": 0.5147058823529411,
      "num_samples": 204,
      "acc_stderr": 0.035077938347913236,
      "acc_norm": 0.45098039215686275,
      "acc_norm_stderr": 0.03492406104163613
    },
    "mmlu-high_school_world_history": {
      "acc": 0.5907172995780591,
      "num_samples": 237,
      "acc_stderr": 0.032007041833595914,
      "acc_norm": 0.5780590717299579,
      "acc_norm_stderr": 0.032148146302403695
    },
    "mmlu-human_aging": {
      "acc": 0.45739910313901344,
      "num_samples": 223,
      "acc_stderr": 0.033435777055830646,
      "acc_norm": 0.37668161434977576,
      "acc_norm_stderr": 0.032521134899291884
    },
    "mmlu-human_sexuality": {
      "acc": 0.549618320610687,
      "num_samples": 131,
      "acc_stderr": 0.04363643698524779,
      "acc_norm": 0.44274809160305345,
      "acc_norm_stderr": 0.04356447202665069
    },
    "mmlu-international_law": {
      "acc": 0.5289256198347108,
      "num_samples": 121,
      "acc_stderr": 0.04556710331269498,
      "acc_norm": 0.5785123966942148,
      "acc_norm_stderr": 0.04507732278775088
    },
    "mmlu-jurisprudence": {
      "acc": 0.5185185185185185,
      "num_samples": 108,
      "acc_stderr": 0.04830366024635331,
      "acc_norm": 0.5370370370370371,
      "acc_norm_stderr": 0.04820403072760627
    },
    "mmlu-logical_fallacies": {
      "acc": 0.3987730061349693,
      "num_samples": 163,
      "acc_stderr": 0.038470214204560246,