{
  "results": {
    "mmlu-abstract_algebra": {
      "acc": 0.23,
      "num_samples": 100,
      "acc_stderr": 0.04229525846816505,
      "acc_norm": 0.31,
      "acc_norm_stderr": 0.04648231987117316
    },
    "mmlu-anatomy": {
      "acc": 0.37777777777777777,
      "num_samples": 135,
      "acc_stderr": 0.04188307537595853,
      "acc_norm": 0.3333333333333333,
      "acc_norm_stderr": 0.04072314811876837
    },
    "mmlu-astronomy": {
      "acc": 0.40131578947368424,
      "num_samples": 152,
      "acc_stderr": 0.03988903703336285,
      "acc_norm": 0.42105263157894735,
      "acc_norm_stderr": 0.04017901275981749
    },
    "mmlu-business_ethics": {
      "acc": 0.48,
      "num_samples": 100,
      "acc_stderr": 0.050211673156867795,
      "acc_norm": 0.42,
      "acc_norm_stderr": 0.049604496374885836
    },
    "mmlu-clinical_knowledge": {
      "acc": 0.4075471698113208,
      "num_samples": 265,
      "acc_stderr": 0.030242233800854494,
      "acc_norm": 0.4226415094339623,
      "acc_norm_stderr": 0.03040233144576954
    },
    "mmlu-college_biology": {
      "acc": 0.3055555555555556,
      "num_samples": 144,
      "acc_stderr": 0.03852084696008534,
      "acc_norm": 0.3055555555555556,
      "acc_norm_stderr": 0.03852084696008534
    },
    "mmlu-college_chemistry": {
      "acc": 0.22,
      "num_samples": 100,
      "acc_stderr": 0.041633319989322695,
      "acc_norm": 0.29,
      "acc_norm_stderr": 0.04560480215720683
    },
    "mmlu-college_computer_science": {
      "acc": 0.34,
      "num_samples": 100,
      "acc_stderr": 0.047609522856952365,
      "acc_norm": 0.3,
      "acc_norm_stderr": 0.046056618647183814
    },
    "mmlu-college_mathematics": {
      "acc": 0.25,
      "num_samples": 100,
      "acc_stderr": 0.04351941398892446,
      "acc_norm": 0.35,
      "acc_norm_stderr": 0.047937248544110196
    },
    "mmlu-college_medicine": {
      "acc": 0.3699421965317919,
      "num_samples": 173,
      "acc_stderr": 0.036812296333943194,
      "acc_norm": 0.35260115606936415,
      "acc_norm_stderr": 0.03643037168958548
    },
    "mmlu-college_physics": {
      "acc": 0.2647058823529412,
      "num_samples": 102,
      "acc_stderr": 0.043898699568087785,
      "acc_norm": 0.30392156862745096,
      "acc_norm_stderr": 0.045766654032077636
    },
    "mmlu-computer_security": {
      "acc": 0.49,
      "num_samples": 100,
      "acc_stderr": 0.05024183937956911,
      "acc_norm": 0.42,
      "acc_norm_stderr": 0.049604496374885836
    },
    "mmlu-conceptual_physics": {
      "acc": 0.35319148936170214,
      "num_samples": 235,
      "acc_stderr": 0.031245325202761923,
      "acc_norm": 0.2723404255319149,
      "acc_norm_stderr": 0.029101290698386705
    },
    "mmlu-econometrics": {
      "acc": 0.2982456140350877,
      "num_samples": 114,
      "acc_stderr": 0.04303684033537315,
      "acc_norm": 0.2543859649122807,
      "acc_norm_stderr": 0.040969851398436716
    },
    "mmlu-electrical_engineering": {
      "acc": 0.33793103448275863,
      "num_samples": 145,
      "acc_stderr": 0.0394170763206489,
      "acc_norm": 0.35172413793103446,
      "acc_norm_stderr": 0.03979236637497411
    },
    "mmlu-elementary_mathematics": {
      "acc": 0.31216931216931215,
      "num_samples": 378,
      "acc_stderr": 0.023865206836972595,
      "acc_norm": 0.30158730158730157,
      "acc_norm_stderr": 0.023636975996101806
    },
    "mmlu-formal_logic": {
      "acc": 0.2857142857142857,
      "num_samples": 126,
      "acc_stderr": 0.04040610178208841,
      "acc_norm": 0.2777777777777778,
      "acc_norm_stderr": 0.04006168083848877
    },
    "mmlu-global_facts": {
      "acc": 0.35,
      "num_samples": 100,
      "acc_stderr": 0.0479372485441102,
      "acc_norm": 0.34,
      "acc_norm_stderr": 0.04760952285695235
    },
    "mmlu-high_school_biology": {
      "acc": 0.3741935483870968,
      "num_samples": 310,
      "acc_stderr": 0.027528904299845773,
      "acc_norm": 0.3741935483870968,
      "acc_norm_stderr": 0.027528904299845787
    },
    "mmlu-high_school_chemistry": {
      "acc": 0.2955665024630542,
      "num_samples": 203,
      "acc_stderr": 0.032104944337514575,
      "acc_norm": 0.3103448275862069,
      "acc_norm_stderr": 0.03255086769970103
    },
    "mmlu-high_school_computer_science": {
      "acc": 0.32,
      "num_samples": 100,
      "acc_stderr": 0.04688261722621503,
      "acc_norm": 0.37,
      "acc_norm_stderr": 0.04852365870939099
    },
    "mmlu-high_school_european_history": {
      "acc": 0.49696969696969695,
      "num_samples": 165,
      "acc_stderr": 0.03904272341431857,
      "acc_norm": 0.47878787878787876,
      "acc_norm_stderr": 0.03900828913737302
    },
    "mmlu-high_school_geography": {
      "acc": 0.45454545454545453,
      "num_samples": 198,
      "acc_stderr": 0.03547601494006936,
      "acc_norm": 0.40404040404040403,
      "acc_norm_stderr": 0.03496130972056128
    },
    "mmlu-high_school_government_and_politics": {
      "acc": 0.46632124352331605,
      "num_samples": 193,
      "acc_stderr": 0.036002440698671784,
      "acc_norm": 0.42487046632124353,
      "acc_norm_stderr": 0.035674713352125395
    },
    "mmlu-high_school_macroeconomics": {
      "acc": 0.3282051282051282,
      "num_samples": 390,
      "acc_stderr": 0.023807633198657262,
      "acc_norm": 0.3076923076923077,
      "acc_norm_stderr": 0.023400928918310495
    },
    "mmlu-high_school_mathematics": {
      "acc": 0.2740740740740741,
      "num_samples": 270,
      "acc_stderr": 0.027195934804085626,
      "acc_norm": 0.31851851851851853,
      "acc_norm_stderr": 0.028406533090608463
    },
    "mmlu-high_school_microeconomics": {
      "acc": 0.33613445378151263,
      "num_samples": 238,
      "acc_stderr": 0.030684737115135356,
      "acc_norm": 0.3319327731092437,
      "acc_norm_stderr": 0.030588697013783663
    },
    "mmlu-high_school_physics": {
      "acc": 0.2781456953642384,
      "num_samples": 151,
      "acc_stderr": 0.03658603262763743,
      "acc_norm": 0.2847682119205298,
      "acc_norm_stderr": 0.03684881521389023
    },
    "mmlu-high_school_psychology": {
      "acc": 0.4935779816513762,
      "num_samples": 545,
      "acc_stderr": 0.021435554820013074,
      "acc_norm": 0.44220183486238535,
      "acc_norm_stderr": 0.0212936132075202
    },
    "mmlu-high_school_statistics": {
      "acc": 0.2916666666666667,
      "num_samples": 216,
      "acc_stderr": 0.030998666304560534,
      "acc_norm": 0.3287037037037037,
      "acc_norm_stderr": 0.032036140846700596
    },
    "mmlu-high_school_us_history": {
      "acc": 0.43137254901960786,
      "num_samples": 204,
      "acc_stderr": 0.034760990605016376,
      "acc_norm": 0.4264705882352941,
      "acc_norm_stderr": 0.03471157907953425
    },
    "mmlu-high_school_world_history": {
      "acc": 0.43037974683544306,
      "num_samples": 237,
      "acc_stderr": 0.03223017195937597,
      "acc_norm": 0.4092827004219409,
      "acc_norm_stderr": 0.032007041833595914
    },
    "mmlu-human_aging": {
      "acc": 0.36771300448430494,
      "num_samples": 223,
      "acc_stderr": 0.03236198350928275,
      "acc_norm": 0.33183856502242154,
      "acc_norm_stderr": 0.03160295143776679
    },
    "mmlu-human_sexuality": {
      "acc": 0.5572519083969466,
      "num_samples": 131,
      "acc_stderr": 0.04356447202665069,
      "acc_norm": 0.4732824427480916,
      "acc_norm_stderr": 0.04379024936553894
    },
    "mmlu-international_law": {
      "acc": 0.4462809917355372,
      "num_samples": 121,
      "acc_stderr": 0.04537935177947879,
      "acc_norm": 0.6363636363636364,
      "acc_norm_stderr": 0.043913262867240704
    },
    "mmlu-jurisprudence": {
      "acc": 0.3611111111111111,
      "num_samples": 108,
      "acc_stderr": 0.04643454608906275,
      "acc_norm": 0.48148148148148145,
      "acc_norm_stderr": 0.04830366024635331
    },
    "mmlu-logical_fallacies": {
      "acc": 0.36809815950920244,
      "num_samples": 163,