{
  "results": {
    "mmlu-abstract_algebra": {
      "acc": 0.21,
      "num_samples": 100,
      "acc_stderr": 0.040936018074033256,
      "acc_norm": 0.21,
      "acc_norm_stderr": 0.040936018074033256
    },
    "mmlu-anatomy": {
      "acc": 0.3037037037037037,
      "num_samples": 135,
      "acc_stderr": 0.039725528847851375,
      "acc_norm": 0.22962962962962963,
      "acc_norm_stderr": 0.03633384414073464
    },
    "mmlu-astronomy": {
      "acc": 0.3815789473684211,
      "num_samples": 152,
      "acc_stderr": 0.03953173377749193,
      "acc_norm": 0.40131578947368424,
      "acc_norm_stderr": 0.03988903703336285
    },
    "mmlu-business_ethics": {
      "acc": 0.51,
      "num_samples": 100,
      "acc_stderr": 0.05024183937956912,
      "acc_norm": 0.39,
      "acc_norm_stderr": 0.04902071300001975
    },
    "mmlu-clinical_knowledge": {
      "acc": 0.3622641509433962,
      "num_samples": 265,
      "acc_stderr": 0.0295822451283843,
      "acc_norm": 0.39245283018867927,
      "acc_norm_stderr": 0.03005258057955784
    },
    "mmlu-college_biology": {
      "acc": 0.3541666666666667,
      "num_samples": 144,
      "acc_stderr": 0.039994111357535424,
      "acc_norm": 0.2638888888888889,
      "acc_norm_stderr": 0.03685651095897532
    },
    "mmlu-college_chemistry": {
      "acc": 0.2,
      "num_samples": 100,
      "acc_stderr": 0.04020151261036846,
      "acc_norm": 0.31,
      "acc_norm_stderr": 0.04648231987117316
    },
    "mmlu-college_computer_science": {
      "acc": 0.32,
      "num_samples": 100,
      "acc_stderr": 0.04688261722621504,
      "acc_norm": 0.29,
      "acc_norm_stderr": 0.045604802157206845
    },
    "mmlu-college_mathematics": {
      "acc": 0.21,
      "num_samples": 100,
      "acc_stderr": 0.040936018074033256,
      "acc_norm": 0.29,
      "acc_norm_stderr": 0.045604802157206845
    },
    "mmlu-college_medicine": {
      "acc": 0.3236994219653179,
      "num_samples": 173,
      "acc_stderr": 0.03567603799639172,
      "acc_norm": 0.28901734104046245,
      "acc_norm_stderr": 0.034564257450869995
    },
    "mmlu-college_physics": {
      "acc": 0.27450980392156865,
      "num_samples": 102,
      "acc_stderr": 0.044405219061793254,
      "acc_norm": 0.2549019607843137,
      "acc_norm_stderr": 0.04336432707993176
    },
    "mmlu-computer_security": {
      "acc": 0.41,
      "num_samples": 100,
      "acc_stderr": 0.049431107042371025,
      "acc_norm": 0.35,
      "acc_norm_stderr": 0.047937248544110196
    },
    "mmlu-conceptual_physics": {
      "acc": 0.31063829787234043,
      "num_samples": 235,
      "acc_stderr": 0.030251237579213167,
      "acc_norm": 0.22127659574468084,
      "acc_norm_stderr": 0.027136349602424063
    },
    "mmlu-econometrics": {
      "acc": 0.30701754385964913,
      "num_samples": 114,
      "acc_stderr": 0.043391383225798615,
      "acc_norm": 0.24561403508771928,
      "acc_norm_stderr": 0.04049339297748141
    },
    "mmlu-electrical_engineering": {
      "acc": 0.33793103448275863,
      "num_samples": 145,
      "acc_stderr": 0.039417076320648906,
      "acc_norm": 0.3586206896551724,
      "acc_norm_stderr": 0.039966295748767186
    },
    "mmlu-elementary_mathematics": {
      "acc": 0.30158730158730157,
      "num_samples": 378,
      "acc_stderr": 0.02363697599610179,
      "acc_norm": 0.30423280423280424,
      "acc_norm_stderr": 0.023695415009463087
    },
    "mmlu-formal_logic": {
      "acc": 0.31746031746031744,
      "num_samples": 126,
      "acc_stderr": 0.04163453031302859,
      "acc_norm": 0.2698412698412698,
      "acc_norm_stderr": 0.039701582732351734
    },
    "mmlu-global_facts": {
      "acc": 0.24,
      "num_samples": 100,
      "acc_stderr": 0.04292346959909284,
      "acc_norm": 0.2,
      "acc_norm_stderr": 0.040201512610368445
    },
    "mmlu-high_school_biology": {
      "acc": 0.3387096774193548,
      "num_samples": 310,
      "acc_stderr": 0.02692344605930284,
      "acc_norm": 0.3387096774193548,
      "acc_norm_stderr": 0.026923446059302844
    },
    "mmlu-high_school_chemistry": {
      "acc": 0.27586206896551724,
      "num_samples": 203,
      "acc_stderr": 0.031447125816782426,
      "acc_norm": 0.31527093596059114,
      "acc_norm_stderr": 0.03269080871970186
    },
    "mmlu-high_school_computer_science": {
      "acc": 0.35,
      "num_samples": 100,
      "acc_stderr": 0.047937248544110196,
      "acc_norm": 0.33,
      "acc_norm_stderr": 0.04725815626252606
    },
    "mmlu-high_school_european_history": {
      "acc": 0.4121212121212121,
      "num_samples": 165,
      "acc_stderr": 0.03843566993588717,
      "acc_norm": 0.3393939393939394,
      "acc_norm_stderr": 0.036974422050315967
    },
    "mmlu-high_school_geography": {
      "acc": 0.30808080808080807,
      "num_samples": 198,
      "acc_stderr": 0.03289477330098616,
      "acc_norm": 0.30808080808080807,
      "acc_norm_stderr": 0.03289477330098617
    },
    "mmlu-high_school_government_and_politics": {
      "acc": 0.39896373056994816,
      "num_samples": 193,
      "acc_stderr": 0.03533999094065695,
      "acc_norm": 0.33678756476683935,
      "acc_norm_stderr": 0.03410780251836184
    },
    "mmlu-high_school_macroeconomics": {
      "acc": 0.32051282051282054,
      "num_samples": 390,
      "acc_stderr": 0.023661296393964273,
      "acc_norm": 0.28974358974358977,
      "acc_norm_stderr": 0.023000628243687954
    },
    "mmlu-high_school_mathematics": {
      "acc": 0.22962962962962963,
      "num_samples": 270,
      "acc_stderr": 0.025644108639267624,
      "acc_norm": 0.25925925925925924,
      "acc_norm_stderr": 0.026719240783712166
    },
    "mmlu-high_school_microeconomics": {
      "acc": 0.3277310924369748,
      "num_samples": 238,
      "acc_stderr": 0.030489911417673224,
      "acc_norm": 0.3907563025210084,
      "acc_norm_stderr": 0.031693802357129965
    },
    "mmlu-high_school_physics": {
      "acc": 0.31788079470198677,
      "num_samples": 151,
      "acc_stderr": 0.038020397601079024,
      "acc_norm": 0.26490066225165565,
      "acc_norm_stderr": 0.03603038545360384
    },
    "mmlu-high_school_psychology": {
      "acc": 0.3743119266055046,
      "num_samples": 545,
      "acc_stderr": 0.02074895940898832,
      "acc_norm": 0.29174311926605506,
      "acc_norm_stderr": 0.019489300968876532
    },
    "mmlu-high_school_statistics": {
      "acc": 0.2916666666666667,
      "num_samples": 216,
      "acc_stderr": 0.03099866630456053,
      "acc_norm": 0.2824074074074074,
      "acc_norm_stderr": 0.03070137211151092
    },
    "mmlu-high_school_us_history": {
      "acc": 0.37254901960784315,
      "num_samples": 204,
      "acc_stderr": 0.033933885849584046,
      "acc_norm": 0.3088235294117647,
      "acc_norm_stderr": 0.03242661719827218
    },
    "mmlu-high_school_world_history": {
      "acc": 0.4219409282700422,
      "num_samples": 237,
      "acc_stderr": 0.032148146302403695,
      "acc_norm": 0.37130801687763715,
      "acc_norm_stderr": 0.03145068600744859
    },
    "mmlu-human_aging": {
      "acc": 0.3273542600896861,
      "num_samples": 223,
      "acc_stderr": 0.031493846709941306,
      "acc_norm": 0.22869955156950672,
      "acc_norm_stderr": 0.028188240046929193
    },
    "mmlu-human_sexuality": {
      "acc": 0.5038167938931297,
      "num_samples": 131,
      "acc_stderr": 0.043851623256015534,
      "acc_norm": 0.35877862595419846,
      "acc_norm_stderr": 0.04206739313864908
    },
    "mmlu-international_law": {
      "acc": 0.4380165289256198,
      "num_samples": 121,
      "acc_stderr": 0.045291468044357915,
      "acc_norm": 0.5454545454545454,
      "acc_norm_stderr": 0.04545454545454548
    },
    "mmlu-jurisprudence": {
      "acc": 0.3425925925925926,
      "num_samples": 108,
      "acc_stderr": 0.045879047413018105,
      "acc_norm": 0.4537037037037037,
      "acc_norm_stderr": 0.04812917324536823
    },
    "mmlu-logical_fallacies": {
      "acc": 0.3006134969325153,